Date,Open,High,Low,Close,Volume,OpenInt
2013-10-25,24.97,24.97,24.713,24.802,50572,0
2013-10-28,24.861,24.891,24.742,24.792,33590,0
2013-10-29,24.931,24.931,24.796,24.909,29275,0
2013-10-30,25.029,25.03,24.861,24.921,93322,0
2013-10-31,25.04,25.14,24.931,25.03,34521,0
2013-11-01,25.03,25.03,24.851,25.03,13658,0
2013-11-04,25.249,25.249,25.05,25.169,14085,0
2013-11-05,25.13,25.15,24.931,25.075,17639,0
2013-11-06,25.427,25.427,25.13,25.203,28426,0
2013-11-07,25.357,25.357,24.752,24.772,25302,0
2013-11-08,24.951,25.12,24.831,25.071,13328,0
2013-11-11,25.13,25.279,25.08,25.259,21319,0
2013-11-12,25.328,25.387,25.19,25.279,81370,0
2013-11-13,25.457,25.457,25.14,25.387,39422,0
2013-11-14,25.577,25.632,25.437,25.567,96459,0
2013-11-15,25.815,25.815,25.588,25.676,37141,0
2013-11-18,26.083,26.083,25.676,25.745,68779,0
2013-11-19,25.775,25.785,25.577,25.627,49068,0
2013-11-20,25.725,25.735,25.2,25.229,20677,0
2013-11-21,25.359,25.487,25.328,25.447,34713,0
2013-11-22,25.815,25.815,25.487,25.607,81800,0
2013-11-25,25.835,25.835,25.537,25.537,25367,0
2013-11-26,25.676,25.676,25.531,25.574,27352,0
2013-11-27,25.775,25.775,25.597,25.745,25231,0
2013-11-29,26.023,26.023,25.825,25.825,11743,0
2013-12-02,25.875,25.875,25.637,25.676,21028,0
2013-12-03,25.636,26.073,25.478,25.567,30357,0
2013-12-04,25.557,25.557,25.308,25.497,28921,0
2013-12-05,25.557,25.557,25.348,25.397,39350,0
2013-12-06,25.825,25.825,25.629,25.725,29072,0
2013-12-09,26.143,26.173,25.667,25.715,39197,0
2013-12-10,25.716,25.785,25.716,25.745,33409,0
2013-12-11,25.825,25.825,25.427,25.427,26299,0
2013-12-12,25.477,25.477,25.357,25.426,14499,0
2013-12-13,25.587,25.587,25.338,25.457,24898,0
2013-12-16,25.686,25.686,25.577,25.637,30685,0
2013-12-17,25.884,25.884,25.666,25.706,40650,0
2013-12-18,26.053,26.183,25.775,26.113,94523,0
2013-12-19,26.957,26.957,25.884,25.904,57103,0
2013-12-20,26.222,27.046,26.143,26.282,79276,0
2013-12-23,26.719,26.719,26.41,26.57,94747,0
2013-12-24,26.67,26.67,26.57,26.58,66974,0
2013-12-26,27.156,27.156,26.76,26.828,84368,0
2013-12-27,27.176,27.176,26.957,26.997,135180,0
2013-12-30,27.106,27.136,26.918,27.096,126622,0
2013-12-31,27.305,27.305,27.116,27.176,129081,0
2014-01-02,27.573,27.573,26.768,26.818,248625,0
2014-01-03,27.007,27.007,26.768,26.808,64978,0
2014-01-06,27.126,27.126,26.719,26.758,67332,0
2014-01-07,26.888,26.892,26.798,26.848,54680,0
2014-01-08,27.046,27.046,26.908,26.997,207472,0
2014-01-09,27.126,27.245,26.918,27.056,215744,0
2014-01-10,27.186,27.272,27.086,27.265,75202,0
2014-01-13,27.285,27.285,26.937,26.967,132735,0
2014-01-14,27.096,27.255,26.967,27.255,68322,0
2014-01-15,27.424,27.453,27.301,27.424,150343,0
2014-01-16,27.503,27.503,27.315,27.394,61769,0
2014-01-17,27.394,27.468,27.305,27.335,244580,0
2014-01-21,27.553,27.563,27.265,27.404,70373,0
2014-01-22,27.523,27.563,27.434,27.503,105290,0
2014-01-23,27.414,27.417,27.126,27.225,82025,0
2014-01-24,27.066,27.066,26.5,26.52,93480,0
2014-01-27,26.58,26.58,25.944,26.173,125752,0
2014-01-28,26.163,26.47,26.163,26.46,45911,0
2014-01-29,26.371,26.449,26.272,26.292,36509,0
2014-01-30,26.43,26.49,26.213,26.369,30986,0
2014-01-31,25.934,26.173,25.912,26.073,43778,0
2014-02-03,25.934,26.048,25.328,25.387,99997,0
2014-02-04,25.447,25.577,25.328,25.527,79929,0
2014-02-05,25.507,25.567,25.279,25.447,120309,0
2014-02-06,25.427,25.805,25.427,25.706,56820,0
2014-02-07,25.924,26.025,25.796,25.994,46979,0
2014-02-10,26.023,26.023,25.835,25.942,45379,0
2014-02-11,26.053,26.391,26.053,26.322,67109,0
2014-02-12,26.391,26.52,26.386,26.48,47828,0
2014-02-13,26.232,26.65,26.16,26.61,45473,0
2014-02-14,26.59,26.748,26.5,26.709,65115,0
2014-02-18,27.086,27.186,26.918,27.146,116620,0
2014-02-19,27.156,27.156,26.778,26.778,70514,0
2014-02-20,26.798,26.955,26.639,26.927,33167,0
2014-02-21,27.096,27.116,26.858,26.858,31392,0
2014-02-24,27.076,27.285,27.066,27.126,147999,0
2014-02-25,27.196,27.196,26.957,26.957,26913,0
2014-02-26,27.037,27.146,26.828,26.898,68359,0
2014-02-27,27.037,27.136,26.977,27.116,39647,0
2014-02-28,27.225,27.345,27.056,27.166,51960,0
2014-03-03,26.908,26.908,26.63,26.777,76843,0
2014-03-04,27.017,27.3,27.017,27.225,67418,0
2014-03-05,27.265,27.265,27.189,27.255,28296,0
2014-03-06,27.315,27.483,27.255,27.424,63328,0
2014-03-07,27.581,27.581,27.235,27.374,58707,0
2014-03-10,27.345,27.345,27.099,27.245,23348,0
2014-03-11,27.186,27.275,26.888,26.898,24714,0
2014-03-12,26.719,26.818,26.6,26.788,23100,0
2014-03-13,26.758,26.937,26.322,26.4,42920,0
2014-03-14,26.252,26.45,26.093,26.302,26010,0
2014-03-17,26.55,26.67,26.43,26.55,53251,0
2014-03-18,26.64,26.848,26.639,26.808,19332,0
2014-03-19,26.898,26.898,26.43,26.719,36543,0
2014-03-20,26.57,26.699,26.5,26.64,14427,0
2014-03-21,26.858,26.858,26.52,26.57,17408,0
2014-03-24,26.788,26.808,26.322,26.58,33438,0
2014-03-25,26.818,26.937,26.66,26.848,155108,0
2014-03-26,27.096,27.096,26.69,26.69,53259,0
2014-03-27,26.49,26.817,26.45,26.52,11611,0
2014-03-28,26.709,26.918,26.699,26.699,14382,0
2014-03-31,27.106,27.116,26.997,27.027,45075,0
2014-04-01,27.265,27.424,27.255,27.394,52637,0
2014-04-02,27.533,27.533,27.347,27.523,29117,0
2014-04-03,27.523,27.523,27.394,27.493,52495,0
2014-04-04,27.523,27.523,26.848,26.908,27286,0
2014-04-07,26.818,26.848,26.49,26.69,45329,0
2014-04-08,26.61,26.67,26.371,26.57,24465,0
2014-04-09,26.54,26.898,26.54,26.898,20390,0
2014-04-10,26.758,26.808,26.023,26.123,46418,0
2014-04-11,25.974,26.203,25.904,26.003,37214,0
2014-04-14,26.073,26.103,25.825,25.964,24390,0
2014-04-15,25.954,26.013,25.577,25.954,36183,0
2014-04-16,26.013,26.282,25.994,26.282,7464,0
2014-04-17,26.371,26.56,26.321,26.5,10242,0
2014-04-21,26.53,26.549,26.342,26.53,17984,0
2014-04-22,26.58,26.69,26.421,26.62,38339,0
2014-04-23,26.46,26.5,26.42,26.44,18074,0
2014-04-24,26.52,26.52,26.262,26.44,15773,0
2014-04-25,26.332,26.332,25.974,26.013,23522,0
2014-04-28,26.003,26.145,25.745,26.043,28113,0
2014-04-29,25.865,25.984,25.865,25.924,38233,0
2014-04-30,25.676,25.914,25.666,25.914,23431,0
2014-05-01,25.765,25.995,25.735,25.934,243849,0
2014-05-02,25.825,26.023,25.815,26.003,16155,0
2014-05-05,25.845,25.914,25.706,25.855,23544,0
2014-05-06,25.855,25.924,25.765,25.865,18168,0
2014-05-07,25.845,25.845,25.517,25.552,489492,0
2014-05-08,25.338,25.785,25.338,25.427,64376,0
2014-05-09,25.338,25.407,25.328,25.377,16524,0
2014-05-12,25.587,25.875,25.387,25.745,25565,0
2014-05-13,25.855,25.904,25.725,25.725,29235,0
2014-05-14,25.725,25.725,25.477,25.517,66468,0
2014-05-15,25.427,25.432,25.14,25.269,44749,0
2014-05-16,25.2,25.348,25.14,25.348,16869,0
2014-05-19,25.279,25.384,25.229,25.263,28150,0
2014-05-20,25.229,25.229,24.99,25.03,34649,0
2014-05-21,25.19,25.289,25.15,25.289,6556,0
2014-05-22,25.308,25.536,25.21,25.467,27640,0
2014-05-23,25.587,25.815,25.577,25.805,12594,0
2014-05-27,26.043,26.193,25.845,26.193,15136,0
2014-05-28,26.163,26.163,26.023,26.063,20223,0
2014-05-29,26.033,26.282,26.033,26.143,10822,0
2014-05-30,26.123,26.203,26.063,26.133,10539,0
2014-06-02,26.203,26.241,26.063,26.222,78599,0
2014-06-03,26.282,26.292,26.173,26.282,9032,0
2014-06-04,26.133,26.371,26.133,26.322,12109,0
2014-06-05,26.49,26.68,26.406,26.68,8386,0
2014-06-06,26.63,26.838,26.63,26.758,46076,0
2014-06-09,26.888,26.997,26.818,26.937,8218,0
2014-06-10,26.858,26.888,26.719,26.748,27787,0
2014-06-11,26.818,26.848,26.719,26.828,13327,0
2014-06-12,26.878,26.907,26.67,26.728,17753,0
2014-06-13,26.818,26.848,26.67,26.828,15882,0
2014-06-16,26.828,27.037,26.828,27.007,21045,0
2014-06-17,27.017,27.166,26.937,27.136,22643,0
2014-06-18,27.136,27.404,27.136,27.385,23200,0
2014-06-19,27.394,27.523,27.365,27.473,133886,0
2014-06-20,27.493,27.493,27.345,27.456,22642,0
2014-06-23,27.463,27.513,27.325,27.483,12978,0
2014-06-24,27.503,27.513,27.206,27.265,47397,0
2014-06-25,27.216,27.305,27.166,27.305,8798,0
2014-06-26,27.315,27.315,27.196,27.295,28142,0
2014-06-27,27.345,27.473,27.295,27.463,17545,0
2014-06-30,27.623,27.713,27.543,27.702,44732,0
2014-07-01,27.931,28.228,27.903,28.099,66089,0
2014-07-02,28.109,28.179,27.841,27.911,26680,0
2014-07-03,28.04,28.112,27.961,28.06,33227,0
2014-07-07,28.02,28.02,27.624,27.633,47082,0
2014-07-08,27.643,27.643,27.245,27.335,30007,0
2014-07-09,27.186,27.453,27.186,27.355,27921,0
2014-07-10,27.046,27.136,26.818,27.046,29959,0
2014-07-11,26.848,27.146,26.848,26.967,13496,0
2014-07-14,27.315,27.371,27.186,27.275,18709,0
2014-07-15,27.305,27.305,26.973,27.007,8186,0
2014-07-16,27.017,27.066,26.923,26.977,14335,0
2014-07-17,26.997,26.997,26.66,26.66,19189,0
2014-07-18,26.62,26.967,26.62,26.898,16061,0
2014-07-21,26.898,26.918,26.728,26.868,14539,0
2014-07-22,27.116,27.227,26.997,27.176,16279,0
2014-07-23,27.305,27.385,27.275,27.315,21456,0
2014-07-24,27.463,27.463,27.265,27.283,28704,0
2014-07-25,27.265,27.394,27.096,27.096,28620,0
2014-07-28,27.196,27.196,26.957,27.116,9882,0
2014-07-29,27.404,27.523,27.216,27.216,39819,0
2014-07-30,27.394,27.439,27.273,27.325,30824,0
2014-07-31,27.216,27.216,26.947,26.987,19003,0
2014-08-01,27.027,27.027,26.699,26.828,26847,0
2014-08-04,26.918,26.996,26.728,26.996,13564,0
2014-08-05,26.65,26.67,26.322,26.391,30248,0
2014-08-06,26.322,26.47,26.248,26.371,14534,0
2014-08-07,26.43,26.57,26.252,26.272,12017,0
2014-08-08,26.222,26.45,26.173,26.44,10248,0
2014-08-11,26.818,26.918,26.67,26.748,22070,0
2014-08-12,26.699,26.709,26.4,26.47,43103,0
2014-08-13,26.48,26.694,26.48,26.678,12088,0
2014-08-14,26.758,26.778,26.58,26.738,153946,0
2014-08-15,26.748,26.878,26.512,26.68,83137,0
2014-08-18,26.709,26.918,26.709,26.888,11727,0
2014-08-19,26.987,27.126,26.957,27.066,21986,0
2014-08-20,26.967,27.136,26.964,27.116,11752,0
2014-08-21,27.176,27.186,27.017,27.166,13326,0
2014-08-22,27.116,27.146,27.017,27.126,6690,0
2014-08-25,27.206,27.305,27.194,27.245,8309,0
2014-08-26,27.275,27.295,27.184,27.206,11410,0
2014-08-27,27.166,27.265,27.166,27.208,14254,0
2014-08-28,27.166,27.166,27.007,27.056,34725,0
2014-08-29,27.116,27.166,27.027,27.166,16221,0
2014-09-02,27.216,27.225,27.116,27.136,25379,0
2014-09-03,27.424,27.424,27.147,27.206,23575,0
2014-09-04,27.196,27.265,26.898,26.927,21700,0
2014-09-05,27.096,27.096,26.878,27.056,11697,0
2014-09-08,27.017,27.126,26.957,26.99,15114,0
2014-09-09,27.096,27.096,26.818,26.838,16496,0
2014-09-10,26.918,27.017,26.828,27.017,25322,0
2014-09-11,26.868,26.927,26.768,26.918,13615,0
2014-09-12,26.947,26.947,26.688,26.728,17754,0
2014-09-15,26.728,26.728,26.59,26.63,15910,0
2014-09-16,26.67,26.838,26.57,26.778,9967,0
2014-09-17,26.62,26.768,26.62,26.654,8019,0
2014-09-18,26.828,26.828,26.746,26.768,21583,0
2014-09-19,26.748,26.868,26.57,26.58,18343,0
2014-09-22,26.58,26.728,26.322,26.41,26437,0
2014-09-23,26.252,26.41,26.222,26.222,36311,0
2014-09-24,26.083,26.47,26.083,26.47,13954,0
2014-09-25,26.45,26.48,26.213,26.262,47665,0
2014-09-26,26.43,26.58,26.342,26.51,62062,0
2014-09-29,26.183,26.332,26.153,26.262,6667,0
2014-09-30,26.213,26.213,26.013,26.084,17073,0
2014-10-01,25.825,25.845,25.527,25.607,83442,0
2014-10-02,25.607,25.607,25.08,25.477,20223,0
2014-10-03,25.815,25.815,25.567,25.666,23989,0
2014-10-06,25.855,25.884,25.607,25.676,25083,0
2014-10-07,25.437,25.617,25.328,25.328,10460,0
2014-10-08,25.08,25.517,24.932,25.517,33690,0
2014-10-09,25.16,25.16,24.713,24.772,30451,0
2014-10-10,24.623,24.623,24.246,24.246,41579,0
2014-10-13,24.187,24.285,23.907,23.927,40010,0
2014-10-14,24.047,24.384,24.047,24.177,27907,0
2014-10-15,23.987,24.137,23.64,24.127,47357,0
2014-10-16,23.838,24.384,23.838,24.265,38750,0
2014-10-17,24.584,24.584,24.295,24.467,26204,0
2014-10-20,24.484,24.782,24.484,24.782,9370,0
2014-10-21,24.861,25.05,24.772,24.98,17109,0
2014-10-22,25.05,25.15,24.772,24.772,16405,0
2014-10-23,24.99,25.249,24.99,25.14,11211,0
2014-10-24,25.21,25.214,25.1,25.15,12463,0
2014-10-27,25.11,25.17,24.881,25.09,11977,0
2014-10-28,25.299,25.507,25.189,25.507,6598,0
2014-10-29,25.587,25.735,25.349,25.517,18208,0
2014-10-30,25.447,25.616,25.308,25.517,20181,0
2014-10-31,26.033,26.093,25.825,26.083,35957,0
2014-11-03,26.143,26.222,26.023,26.043,22189,0
2014-11-04,25.815,25.964,25.777,25.875,10035,0
2014-11-05,25.944,25.964,25.763,25.805,19667,0
2014-11-06,25.904,25.904,25.745,25.827,18406,0
2014-11-07,25.875,25.875,25.696,25.775,22676,0
2014-11-10,26.073,26.073,25.974,26.033,15786,0
2014-11-11,26.043,26.153,26.003,26.053,9520,0
2014-11-12,25.974,26.023,25.904,26.003,6461,0
2014-11-13,26.193,26.262,25.994,25.994,12037,0
2014-11-14,26.053,26.103,25.954,26.094,10988,0
2014-11-17,25.865,25.964,25.865,25.879,25489,0
2014-11-18,26.028,26.177,25.944,26.133,20070,0
2014-11-19,26.023,26.023,25.848,25.894,15519,0
2014-11-20,25.934,26.053,25.894,26.033,10771,0
2014-11-21,26.193,26.312,26.113,26.123,27784,0
2014-11-24,26.312,26.44,26.272,26.42,64032,0
2014-11-25,26.4,26.55,26.381,26.48,80549,0
2014-11-26,26.351,26.45,26.272,26.351,13114,0
2014-11-28,26.173,26.312,26.133,26.133,11703,0
2014-12-01,26.133,26.133,25.855,25.904,23414,0
2014-12-02,25.923,26.053,25.923,26.023,16317,0
2014-12-03,25.934,26.221,25.934,26.221,18199,0
2014-12-04,26.093,26.239,26.073,26.123,12433,0
2014-12-05,26.093,26.243,26.093,26.187,8397,0
2014-12-08,26.083,26.133,25.765,25.775,19079,0
2014-12-09,25.577,25.904,25.557,25.904,30702,0
2014-12-10,25.676,25.676,25.357,25.389,10416,0
2014-12-11,25.348,25.627,25.348,25.399,7696,0
2014-12-12,25.377,25.397,25.07,25.07,8608,0
2014-12-15,25.19,25.299,24.713,24.812,25588,0
2014-12-16,24.602,25.03,24.602,24.692,15793,0
2014-12-17,24.871,25.24,24.792,25.16,5332,0
2014-12-18,25.388,25.578,25.358,25.548,38204,0
2014-12-19,25.687,25.777,25.507,25.727,23442,0
2014-12-22,25.787,25.787,25.628,25.777,37944,0
2014-12-23,25.817,25.837,25.628,25.657,50115,0
2014-12-24,25.697,25.926,25.697,25.906,19191,0
2014-12-26,26.005,26.115,26.005,26.075,11105,0
2014-12-29,25.976,26.055,25.837,25.847,71891,0
2014-12-30,25.707,25.789,25.618,25.618,25899,0
2014-12-31,25.677,25.817,25.548,25.578,13712,0
2015-01-02,25.687,25.687,25.388,25.488,7264,0
2015-01-05,25.438,25.438,25.09,25.17,10558,0
2015-01-06,24.98,25.06,24.543,24.732,28040,0
2015-01-07,24.871,24.96,24.802,24.857,8360,0
2015-01-08,24.881,25.256,24.881,25.22,18983,0
2015-01-09,25.16,25.16,24.891,24.951,6071,0
2015-01-12,24.851,24.861,24.732,24.782,20634,0
2015-01-13,24.96,25.09,24.582,24.769,13098,0
2015-01-14,24.473,24.712,24.473,24.657,18456,0
2015-01-15,24.871,24.881,24.503,24.533,24564,0
2015-01-16,24.383,24.802,24.383,24.8,29857,0
2015-01-20,25.2,25.2,24.692,24.881,45562,0
2015-01-21,24.861,25.02,24.861,25.01,23890,0
2015-01-22,25.083,25.2,24.881,25.139,55149,0
2015-01-23,25.18,25.26,25.05,25.11,16468,0
2015-01-26,25.19,25.368,25.14,25.339,11988,0
2015-01-27,25.16,25.3,25.06,25.142,10620,0
2015-01-28,25.28,25.28,24.871,24.871,18472,0
2015-01-29,24.98,25.094,24.831,25.081,22615,0
2015-01-30,24.97,25.02,24.732,24.732,30094,0
2015-02-02,24.762,25.14,24.762,25.14,13457,0
2015-02-03,25.14,25.28,24.931,25.25,63817,0
2015-02-04,25.27,25.3,25.12,25.12,16022,0
2015-02-05,25.19,25.438,25.15,25.438,22591,0
2015-02-06,25.16,25.316,25.12,25.18,22284,0
2015-02-09,25.16,25.18,25.04,25.05,10805,0
2015-02-10,25.15,25.29,25.08,25.28,16663,0
2015-02-11,25.14,25.373,25.14,25.329,20613,0
2015-02-12,25.378,25.618,25.378,25.608,35852,0
2015-02-13,25.697,25.817,25.528,25.767,41368,0
2015-02-17,25.817,25.817,25.584,25.677,46472,0
2015-02-18,25.677,25.857,25.677,25.827,46994,0
2015-02-19,25.847,25.886,25.737,25.867,38066,0
2015-02-20,25.886,26.095,25.747,26.095,16034,0
2015-02-23,26.055,26.055,25.891,25.976,36008,0
2015-02-24,25.877,26.175,25.877,26.145,59992,0
2015-02-25,26.195,26.205,26.135,26.185,100849,0
2015-02-26,26.265,26.311,26.185,26.225,62345,0
2015-02-27,26.305,26.315,26.155,26.225,34592,0
2015-03-02,26.245,26.275,26.145,26.275,25421,0
2015-03-03,26.245,26.245,25.946,26.025,46421,0
2015-03-04,25.956,25.956,25.777,25.926,39187,0
2015-03-05,26.015,26.015,25.877,25.926,15574,0
2015-03-06,25.926,25.926,25.568,25.667,40794,0
2015-03-09,25.707,25.757,25.588,25.757,14972,0
2015-03-10,25.458,25.458,25.319,25.339,21100,0
2015-03-11,25.518,25.538,25.329,25.488,11957,0
2015-03-12,25.797,25.847,25.588,25.847,29139,0
2015-03-13,25.867,25.906,25.727,25.906,23813,0
2015-03-16,26.105,26.205,26.085,26.155,86411,0
2015-03-17,25.936,26.075,25.906,26.055,42704,0
2015-03-18,25.966,26.633,25.966,26.533,44712,0
2015-03-19,26.493,26.513,26.335,26.433,33359,0
2015-03-20,26.742,26.902,26.722,26.872,80583,0
2015-03-23,26.892,26.951,26.673,26.902,54861,0
2015-03-24,26.981,26.981,26.802,26.862,37981,0
2015-03-25,26.971,26.971,26.533,26.603,51847,0
2015-03-26,26.443,26.473,26.235,26.374,17785,0
2015-03-27,26.315,26.493,26.295,26.493,20297,0
2015-03-30,26.573,26.663,26.553,26.583,8239,0
2015-03-31,26.553,26.553,26.345,26.503,83598,0
2015-04-01,26.165,26.413,26.155,26.265,18689,0
2015-04-02,26.453,26.573,26.305,26.443,21602,0
2015-04-06,26.493,26.882,26.493,26.872,25923,0
2015-04-07,26.852,26.892,26.683,26.683,25035,0
2015-04-08,26.842,26.862,26.693,26.702,15172,0
2015-04-09,26.832,26.862,26.626,26.822,15645,0
2015-04-10,26.892,26.912,26.832,26.912,21502,0
2015-04-13,26.961,26.971,26.912,26.922,6129,0
2015-04-14,26.971,27.021,26.892,27.021,27732,0
2015-04-15,27.021,27.36,27.021,27.34,25819,0
2015-04-16,27.37,27.37,27.22,27.24,42517,0
2015-04-17,26.892,26.941,26.653,26.822,25722,0
2015-04-20,26.782,26.806,26.673,26.752,41203,0
2015-04-21,26.762,26.862,26.712,26.802,47067,0
2015-04-22,26.822,26.971,26.811,26.882,24752,0
2015-04-23,26.702,27.05,26.702,26.981,17282,0
2015-04-24,26.971,26.971,26.822,26.842,18990,0
2015-04-27,26.991,27.09,26.882,26.931,18086,0
2015-04-28,27.05,27.1,26.892,27.07,20699,0
2015-04-29,26.941,26.971,26.752,26.842,10450,0
2015-04-30,26.732,26.812,26.403,26.473,159860,0
2015-05-01,26.374,26.493,26.374,26.473,12660,0
2015-05-04,26.553,26.633,26.543,26.573,12660,0
2015-05-05,26.573,26.573,26.145,26.165,34564,0
2015-05-06,26.235,26.275,26.045,26.135,15665,0
2015-05-07,26.245,26.245,26.035,26.155,49524,0
2015-05-08,26.335,26.623,26.335,26.533,23009,0
2015-05-11,26.483,26.483,26.325,26.394,10450,0
2015-05-12,26.433,26.473,26.205,26.433,18976,0
2015-05-13,26.493,26.623,26.413,26.443,16780,0
2015-05-14,26.503,26.732,26.503,26.712,10952,0
2015-05-15,26.702,26.702,26.573,26.663,18961,0
2015-05-18,26.593,26.762,26.518,26.732,11008,0
2015-05-19,26.732,26.792,26.623,26.653,15474,0
2015-05-20,26.742,26.782,26.563,26.693,15875,0
2015-05-21,26.523,26.792,26.523,26.792,20095,0
2015-05-22,26.702,26.772,26.663,26.702,11957,0
2015-05-26,26.722,26.722,26.349,26.443,22174,0
2015-05-27,26.603,26.742,26.523,26.732,17985,0
2015-05-28,26.623,26.702,26.523,26.702,14753,0
2015-05-29,26.683,26.702,26.403,26.503,24417,0
2015-06-01,26.623,26.673,26.453,26.633,15072,0
2015-06-02,26.633,26.828,26.613,26.769,12338,0
2015-06-03,26.832,26.981,26.673,26.951,30043,0
2015-06-04,26.802,26.812,26.573,26.663,11655,0
2015-06-05,26.563,26.702,26.463,26.702,13967,0
2015-06-08,26.543,26.653,26.384,26.503,15976,0
2015-06-09,26.275,26.374,26.135,26.306,29020,0
2015-06-10,26.553,26.852,26.443,26.772,62602,0
2015-06-11,26.653,26.772,26.593,26.673,18244,0
2015-06-12,26.523,26.702,26.523,26.623,6832,0
2015-06-15,26.523,26.523,26.364,26.463,25320,0
2015-06-16,26.374,26.453,26.235,26.374,52449,0
2015-06-17,26.374,26.423,26.225,26.413,42502,0
2015-06-18,26.563,26.752,26.463,26.643,21703,0
2015-06-19,26.673,26.742,26.523,26.693,38081,0
2015-06-22,27.001,27.031,26.722,26.951,155842,0
2015-06-23,26.951,27.11,26.931,27.11,45957,0
2015-06-24,27.17,27.17,26.742,26.842,29540,0
2015-06-25,26.872,26.981,26.782,26.792,17182,0
2015-06-26,26.872,26.892,26.623,26.712,11555,0
2015-06-29,26.384,26.384,25.996,25.996,64607,0
2015-06-30,26.315,26.315,25.926,26.055,53060,0
2015-07-01,26.423,26.423,26.085,26.115,41597,0
2015-07-02,26.215,26.265,26.025,26.145,10048,0
2015-07-06,25.956,25.956,25.677,25.857,19593,0
2015-07-07,25.877,26.015,25.448,25.996,44612,0
2015-07-08,25.428,25.558,25.04,25.12,26928,0
2015-07-09,25.378,25.458,25.23,25.23,21804,0
2015-07-10,25.657,25.677,25.568,25.677,11755,0
2015-07-13,25.886,26.025,25.837,25.946,17483,0
2015-07-14,25.966,26.025,25.906,25.956,19002,0
2015-07-15,25.936,25.936,25.687,25.687,10742,0
2015-07-16,25.727,25.896,25.727,25.777,8540,0
2015-07-17,25.747,25.797,25.717,25.747,22407,0
2015-07-20,25.847,25.847,25.677,25.677,10650,0
2015-07-21,25.687,25.717,25.498,25.608,27531,0
2015-07-22,25.458,25.498,25.339,25.339,23914,0
2015-07-23,25.438,25.438,25.23,25.25,23712,0
2015-07-24,25.22,25.22,24.911,24.99,16579,0
2015-07-27,24.822,24.822,24.563,24.642,37981,0
2015-07-28,24.782,24.97,24.682,24.97,13263,0
2015-07-29,24.752,24.871,24.622,24.851,44210,0
2015-07-30,24.672,24.762,24.593,24.702,13565,0
2015-07-31,24.792,24.941,24.782,24.782,15172,0
2015-08-03,24.712,24.712,24.383,24.463,18016,0
2015-08-04,24.383,24.433,24.254,24.264,15976,0
2015-08-05,24.463,24.612,24.463,24.573,14770,0
2015-08-06,24.632,24.642,24.474,24.61,16545,0
2015-08-07,24.622,24.642,24.523,24.583,6029,0
2015-08-10,24.712,24.97,24.682,24.97,13263,0
2015-08-11,24.802,24.802,24.563,24.612,10072,0
2015-08-12,24.393,24.463,24.195,24.463,172420,0
2015-08-13,24.363,24.453,24.353,24.403,9947,0
2015-08-14,24.294,24.413,24.284,24.403,5425,0
2015-08-17,24.195,24.383,24.135,24.313,11052,0
2015-08-18,24.235,24.264,24.115,24.155,84100,0
2015-08-19,23.985,24.015,23.786,23.826,26024,0
2015-08-20,23.538,23.538,23.08,23.08,64607,0
2015-08-21,22.91,23.04,22.572,22.612,39387,0
2015-08-24,21.05,22.286,12.769,21.915,129662,0
2015-08-25,22.771,22.821,21.945,22.005,28535,0
2015-08-26,22.582,22.811,22.283,22.781,41095,0
2015-08-27,22.97,23.318,22.95,23.12,69631,0
2015-08-28,23.14,23.378,23.14,23.308,12258,0
2015-08-31,23.219,23.378,23.19,23.378,9143,0
2015-09-01,22.682,22.91,22.493,22.493,18588,0
2015-09-02,22.91,22.91,22.503,22.91,10650,0
2015-09-03,23.03,23.12,22.87,22.87,2914,0
2015-09-04,22.512,22.632,22.333,22.453,5727,0
2015-09-08,23.13,23.219,22.89,23.209,11555,0
2015-09-09,23.338,23.388,22.781,22.781,10752,0
2015-09-10,22.811,22.98,22.811,22.89,8664,0
2015-09-11,22.741,22.98,22.662,22.98,6230,0
2015-09-14,22.791,22.89,22.692,22.751,36976,0
2015-09-15,22.741,23.06,22.741,23.05,6832,0
2015-09-16,23.1,23.368,23.03,23.16,15373,0
2015-09-17,23.249,23.667,23.249,23.328,13665,0
2015-09-18,23.09,23.09,22.93,22.96,6632,0
2015-09-21,22.98,23.15,22.86,22.97,4120,0
2015-09-22,22.572,22.572,22.363,22.423,9545,0
2015-09-23,22.522,22.582,22.323,22.483,10752,0
2015-09-24,22.105,22.115,21.855,22.045,18164,0
2015-09-25,22.293,22.353,21.955,22.025,3417,0
2015-09-28,22.145,22.145,21.671,21.677,141893,0
2015-09-29,21.597,21.786,21.577,21.667,16077,0
2015-09-30,21.985,22.125,21.825,22.125,10852,0
2015-10-01,22.263,22.263,21.865,22.095,7134,0
2015-10-02,21.935,22.423,21.865,22.423,4019,0
2015-10-05,22.761,23.224,22.761,23.12,25244,0
2015-10-06,23.05,23.308,23.04,23.15,14268,0
2015-10-07,23.298,23.548,23.298,23.358,22607,0
2015-10-08,23.498,23.657,23.388,23.607,4019,0
2015-10-09,23.717,23.836,23.617,23.717,23210,0
2015-10-12,23.777,23.786,23.528,23.567,41722,0
2015-10-13,23.338,23.478,23.209,23.328,7535,0
2015-10-14,23.249,23.308,23.01,23.12,60990,0
2015-10-15,23.209,23.398,23.15,23.368,8440,0
2015-10-16,23.408,23.408,23.209,23.239,16980,0
2015-10-19,23.18,23.259,23.04,23.14,7837,0
2015-10-20,23.01,23.327,23.01,23.2,29387,0
2015-10-21,23.488,23.548,23.298,23.308,19392,0
2015-10-22,23.458,23.717,23.458,23.567,8641,0
2015-10-23,23.667,23.846,23.657,23.796,10550,0
2015-10-26,23.866,23.866,23.647,23.657,9645,0
2015-10-27,23.597,23.597,23.348,23.428,10650,0
2015-10-28,23.518,23.866,23.518,23.786,5828,0
2015-10-29,23.905,23.905,23.727,23.737,7535,0
2015-10-30,23.896,24.045,23.886,23.935,7335,0
2015-11-02,23.985,24.333,23.985,24.311,47762,0
2015-11-03,24.313,24.463,24.195,24.294,7535,0
2015-11-04,24.264,24.333,24.135,24.215,4653,0
2015-11-05,24.304,24.323,24.055,24.155,8842,0
2015-11-06,24.165,24.304,24.055,24.264,24517,0
2015-11-09,24.343,24.343,23.965,24.109,6826,0
2015-11-10,23.955,24.145,23.955,24.145,18890,0
2015-11-11,24.095,24.195,24.045,24.045,11052,0
2015-11-12,23.896,23.965,23.737,23.737,15675,0
2015-11-13,23.667,23.757,23.548,23.587,22708,0
2015-11-16,23.687,23.955,23.627,23.955,42904,0
2015-11-17,24.005,24.115,23.925,23.945,21502,0
2015-11-18,23.886,24.185,23.886,24.185,4923,0
2015-11-19,24.264,24.274,24.165,24.195,6029,0
2015-11-20,24.254,24.473,24.254,24.403,8942,0
2015-11-23,24.383,24.453,24.353,24.353,16277,0
2015-11-24,24.185,24.463,24.185,24.383,8540,0
2015-11-25,24.513,24.622,24.473,24.583,9143,0
2015-11-27,24.553,24.602,24.453,24.553,2512,0
2015-11-30,24.871,24.871,24.583,24.732,166392,0
2015-12-01,24.692,24.861,24.682,24.851,13918,0
2015-12-02,24.792,24.792,24.593,24.593,8342,0
2015-12-03,24.782,24.782,24.403,24.423,5676,0
2015-12-04,24.373,24.682,24.373,24.672,15574,0
2015-12-07,24.642,24.642,24.473,24.483,5325,0
2015-12-08,24.125,24.284,24.125,24.215,4246,0
2015-12-09,24.195,24.195,23.925,23.995,6330,0
2015-12-10,24.015,24.284,24.015,24.075,6129,0
2015-12-11,23.975,23.975,23.677,23.757,49435,0
2015-12-14,23.777,23.796,23.468,23.647,19658,0
2015-12-15,23.627,23.905,23.627,23.836,9747,0
2015-12-16,23.984,24.144,23.864,24.144,11322,0
2015-12-17,24.254,24.323,23.994,24.004,20339,0
2015-12-18,23.854,23.854,23.755,23.755,17533,0
2015-12-21,23.785,23.974,23.785,23.924,8917,0
2015-12-22,24.035,24.162,24.01,24.162,5898,0
2015-12-23,24.174,24.433,24.174,24.373,9117,0
2015-12-24,24.204,24.402,24.204,24.367,14023,0
2015-12-28,24.323,24.373,24.204,24.372,120117,0
2015-12-29,24.513,24.623,24.453,24.543,8588,0
2015-12-30,24.463,24.523,24.363,24.412,8317,0
2015-12-31,24.383,24.383,24.154,24.154,5002,0
2016-01-04,23.894,23.954,23.575,23.884,29739,0
2016-01-05,23.854,23.854,23.575,23.744,32884,0
2016-01-06,23.445,23.445,23.166,23.173,14050,0
2016-01-07,22.936,22.946,22.637,22.707,8075,0
2016-01-08,22.707,22.726,22.357,22.357,8225,0
2016-01-11,22.387,22.447,22.068,22.183,8491,0
2016-01-12,22.387,22.457,22.138,22.268,4753,0
2016-01-13,22.377,22.527,21.848,21.888,12276,0
2016-01-14,21.838,22.087,21.664,21.963,23852,0
2016-01-15,21.439,21.589,21.14,21.319,20859,0
2016-01-19,21.619,21.718,21.329,21.419,15029,0
2016-01-20,21.0,21.13,20.561,21.103,18454,0
2016-01-21,21.06,21.259,20.81,21.07,10405,0
2016-01-22,21.339,21.659,21.339,21.659,11737,0
2016-01-25,21.718,21.718,21.439,21.439,150314,0
2016-01-26,21.449,21.798,21.419,21.798,83290,0
2016-01-27,21.748,22.048,21.675,21.682,10524,0
2016-01-28,21.958,22.008,21.679,21.679,3176,0
2016-01-29,21.659,21.941,21.639,21.941,6745,0
2016-02-01,21.818,21.988,21.689,21.938,1921,0
2016-02-02,21.748,21.748,21.491,21.509,6399,0
2016-02-03,21.559,21.597,21.329,21.549,8068,0
2016-02-04,21.659,21.968,21.649,21.768,9202,0
2016-02-05,21.698,21.718,21.489,21.509,3906,0
2016-02-08,21.219,21.219,20.89,21.1,41278,0
2016-02-09,20.83,21.06,20.732,21.05,4896,0
2016-02-10,21.03,21.239,20.871,20.871,10404,0
2016-02-11,20.621,20.71,20.501,20.71,18652,0
2016-02-12,20.561,20.83,20.561,20.823,124730,0
2016-02-16,21.199,21.499,21.199,21.399,12315,0
2016-02-17,21.768,22.158,21.768,22.118,12162,0
2016-02-18,22.168,22.246,22.093,22.188,5699,0
2016-02-19,22.108,22.263,22.108,22.21,2975,0
2016-02-22,22.237,22.407,22.237,22.407,3850,0
2016-02-23,22.168,22.291,22.038,22.048,27157,0
2016-02-24,21.748,22.178,21.748,22.178,4733,0
2016-02-25,22.237,22.457,22.052,22.357,22443,0
2016-02-26,22.447,22.557,22.447,22.547,6260,0
2016-02-29,22.577,22.727,22.557,22.557,6021,0
2016-03-01,22.687,22.861,22.567,22.816,15329,0
2016-03-02,22.766,22.971,22.709,22.946,19847,0
2016-03-03,23.056,23.285,23.036,23.216,25665,0
2016-03-04,23.435,23.806,23.365,23.595,24296,0
2016-03-07,23.625,23.824,23.595,23.824,13284,0
2016-03-08,23.794,23.794,23.455,23.455,14529,0
2016-03-09,23.465,23.575,23.425,23.475,24597,0
2016-03-10,23.615,23.793,23.256,23.365,16266,0
2016-03-11,23.625,23.894,23.575,23.834,16630,0
2016-03-14,23.934,24.074,23.874,24.074,19365,0
2016-03-15,23.785,23.785,23.545,23.665,24763,0
2016-03-16,23.515,23.944,23.515,23.875,6309,0
2016-03-17,23.804,24.224,23.804,24.164,20022,0
2016-03-18,24.274,24.443,24.274,24.373,14555,0
2016-03-21,24.453,24.493,24.294,24.423,28754,0
2016-03-22,24.373,24.544,24.284,24.443,21483,0
2016-03-23,24.423,24.443,24.114,24.114,13597,0
2016-03-24,23.964,24.074,23.685,24.074,19518,0
2016-03-28,24.034,24.134,23.874,23.954,51227,0
2016-03-29,23.904,24.503,23.894,24.503,24844,0
2016-03-30,24.383,24.753,24.383,24.613,19842,0
2016-03-31,24.603,24.782,24.573,24.573,18061,0
2016-04-01,24.333,24.433,24.194,24.433,17660,0
2016-04-04,24.363,24.542,24.304,24.353,5863,0
2016-04-05,24.064,24.064,23.844,23.924,19593,0
2016-04-06,24.044,24.254,23.914,24.204,20447,0
2016-04-07,24.054,24.204,23.715,23.824,22101,0
2016-04-08,24.274,24.483,24.244,24.333,17859,0
2016-04-11,24.653,24.862,24.393,24.393,31131,0
2016-04-12,24.693,24.844,24.503,24.753,16465,0
2016-04-13,24.982,25.361,24.982,25.361,8509,0
2016-04-14,25.262,25.581,25.262,25.349,5735,0
2016-04-15,25.411,25.411,25.222,25.272,9531,0
2016-04-18,25.212,25.352,24.962,25.352,26005,0
2016-04-19,25.491,25.635,25.481,25.491,66655,0
2016-04-20,25.292,25.711,25.292,25.621,36287,0
2016-04-21,25.352,25.504,25.272,25.352,39396,0
2016-04-22,25.481,25.501,25.352,25.451,17009,0
2016-04-25,25.521,25.521,25.232,25.252,28230,0
2016-04-26,25.431,25.431,25.254,25.292,4124,0
2016-04-27,25.441,25.461,25.361,25.402,2683,0
2016-04-28,25.431,25.431,24.873,24.942,12659,0
2016-04-29,24.683,24.855,24.663,24.703,7304,0
2016-05-02,24.972,24.972,24.798,24.942,6815,0
2016-05-03,24.852,24.862,24.495,24.623,31443,0
2016-05-04,24.473,24.513,24.383,24.403,3781,0
2016-05-05,24.353,24.604,24.353,24.383,12665,0
2016-05-06,24.433,24.527,24.274,24.513,19991,0
2016-05-09,24.603,24.603,24.284,24.413,8444,0
2016-05-10,24.413,24.652,24.413,24.641,7244,0
2016-05-11,24.483,24.643,24.463,24.563,10464,0
2016-05-12,24.643,24.643,24.284,24.492,10162,0
2016-05-13,24.224,24.259,24.094,24.094,4855,0
2016-05-16,24.373,24.523,24.254,24.482,8794,0
2016-05-17,24.483,24.563,24.174,24.224,6174,0
2016-05-18,24.323,24.493,24.313,24.393,1964,0
2016-05-19,24.304,24.304,24.074,24.164,6733,0
2016-05-20,24.333,24.453,24.26,24.311,7390,0
2016-05-23,24.383,24.626,24.383,24.553,5580,0
2016-05-24,24.653,24.832,24.62,24.826,13494,0
2016-05-25,24.962,25.052,24.865,24.972,10585,0
2016-05-26,25.132,25.192,24.972,25.092,10693,0
2016-05-27,25.102,25.162,25.054,25.102,15484,0
2016-05-31,25.561,25.561,25.152,25.292,15786,0
2016-06-01,25.501,25.501,25.202,25.381,7095,0
2016-06-02,25.222,25.441,25.212,25.377,13354,0
2016-06-03,25.361,25.49,25.308,25.487,12422,0
2016-06-06,25.451,25.79,25.451,25.771,17778,0
2016-06-07,25.851,25.905,25.851,25.88,11637,0
2016-06-08,25.95,26.02,25.89,26.02,10675,0
2016-06-09,25.93,25.93,25.732,25.79,10408,0
2016-06-10,25.631,25.631,25.312,25.332,9740,0
2016-06-13,25.202,25.222,25.042,25.052,17409,0
2016-06-14,24.823,24.823,24.593,24.713,7164,0
2016-06-15,24.862,25.052,24.824,24.832,6198,0
2016-06-16,24.613,24.743,24.373,24.686,9131,0
2016-06-17,24.804,24.898,24.792,24.882,2675,0
2016-06-20,25.252,25.486,25.252,25.352,7297,0
2016-06-21,25.531,25.531,25.383,25.511,7467,0
2016-06-22,25.431,25.591,25.381,25.431,7239,0
2016-06-23,25.711,25.91,25.711,25.91,4653,0
2016-06-24,24.783,25.002,24.603,24.633,22117,0
2016-06-27,24.453,24.453,23.716,23.858,31142,0
2016-06-28,24.194,24.383,24.194,24.351,24078,0
2016-06-29,24.603,24.753,24.569,24.729,9051,0
2016-06-30,24.753,25.032,24.753,24.992,3222,0
2016-07-01,24.988,25.142,24.988,25.062,17573,0
2016-07-05,25.042,25.042,24.51,24.632,10907,0
2016-07-06,24.583,24.623,24.383,24.623,7079,0
2016-07-07,24.713,24.777,24.564,24.603,13581,0
2016-07-08,24.703,24.962,24.703,24.952,7413,0
2016-07-11,25.192,25.421,25.192,25.342,14737,0
2016-07-12,25.601,25.741,25.591,25.709,12962,0
2016-07-13,25.691,25.86,25.661,25.741,12544,0
2016-07-14,25.91,25.94,25.741,25.741,11742,0
2016-07-15,25.671,25.701,25.641,25.68,3168,0
2016-07-18,25.671,25.811,25.551,25.801,40204,0
2016-07-19,25.751,25.751,25.641,25.641,7356,0
2016-07-20,25.88,26.01,25.88,26.01,16416,0
2016-07-21,25.89,26.009,25.813,25.85,5927,0
2016-07-22,25.781,25.939,25.751,25.9,4617,0
2016-07-25,25.96,25.96,25.781,25.832,5254,0
2016-07-26,25.851,25.979,25.751,25.861,6133,0
2016-07-27,25.9,26.19,25.9,26.14,42248,0
2016-07-28,26.16,26.245,26.109,26.19,21291,0
2016-07-29,26.07,26.409,26.07,26.36,7688,0
2016-08-01,26.24,26.445,26.24,26.26,13200,0
2016-08-02,26.449,26.449,26.14,26.166,4995,0
2016-08-03,26.07,26.299,26.07,26.208,15920,0
2016-08-04,26.34,26.449,26.287,26.413,10194,0
2016-08-05,26.439,26.58,26.439,26.579,8778,0
2016-08-08,26.649,26.649,26.579,26.599,39246,0
2016-08-09,26.729,26.928,26.729,26.879,22027,0
2016-08-10,26.948,26.948,26.715,26.715,13732,0
2016-08-11,26.719,26.958,26.719,26.948,26394,0
2016-08-12,27.078,27.078,26.919,26.958,13752,0
2016-08-15,27.028,27.238,27.028,27.209,10643,0
2016-08-16,27.248,27.248,27.039,27.058,17598,0
2016-08-17,27.068,27.068,26.849,26.938,8235,0
2016-08-18,26.988,27.108,26.953,27.068,12845,0
2016-08-19,27.068,27.208,26.909,27.208,10287,0
2016-08-22,27.028,27.198,26.948,27.133,25276,0
2016-08-23,27.248,27.278,27.128,27.198,31940,0
2016-08-24,27.228,27.228,27.008,27.053,15704,0
2016-08-25,27.118,27.118,27.008,27.079,3221,0
2016-08-26,26.998,27.318,26.899,27.048,26185,0
2016-08-29,27.178,27.218,27.008,27.19,15898,0
2016-08-30,27.188,27.228,27.034,27.198,17744,0
2016-08-31,27.148,27.148,26.759,26.849,17143,0
2016-09-01,26.809,27.038,26.809,26.998,7857,0
2016-09-02,27.158,27.158,26.978,27.112,12983,0
2016-09-06,27.537,27.607,27.487,27.577,24152,0
2016-09-07,27.807,27.807,27.647,27.69,31277,0
2016-09-08,27.877,27.877,27.687,27.787,50237,0
2016-09-09,27.687,27.687,27.168,27.176,22760,0
2016-09-12,26.978,27.358,26.948,27.298,13731,0
2016-09-13,27.288,27.288,26.872,26.951,14732,0
2016-09-14,27.078,27.078,26.859,26.907,4524,0
2016-09-15,26.889,27.168,26.889,27.148,12547,0
2016-09-16,27.008,27.028,26.869,26.958,7559,0
2016-09-19,27.018,27.447,27.018,27.258,13365,0
2016-09-20,27.487,27.487,27.282,27.338,11361,0
2016-09-21,27.408,27.807,27.408,27.797,15485,0
2016-09-22,27.947,28.196,27.947,28.136,49139,0
2016-09-23,28.126,28.126,27.947,28.016,13806,0
2016-09-26,27.857,27.867,27.697,27.757,16903,0
2016-09-27,27.697,27.996,27.603,27.947,17020,0
2016-09-28,28.096,28.336,27.976,28.296,18445,0
2016-09-29,28.466,28.466,28.126,28.196,23092,0
2016-09-30,28.206,28.396,28.066,28.339,17725,0
2016-10-03,28.935,28.935,28.156,28.238,34005,0
2016-10-04,28.346,28.346,27.962,28.093,16069,0
2016-10-05,28.226,28.356,28.156,28.276,9988,0
2016-10-06,28.056,28.266,28.046,28.056,27912,0
2016-10-07,28.116,28.146,27.967,28.101,25037,0
2016-10-10,28.436,28.436,28.126,28.166,33406,0
2016-10-11,28.176,28.176,27.637,27.707,35215,0
2016-10-12,27.837,27.837,27.601,27.667,14794,0
2016-10-13,27.398,27.517,27.148,27.428,47721,0
2016-10-14,27.368,27.577,27.368,27.408,20493,0
2016-10-17,27.447,27.497,27.368,27.418,73370,0
2016-10-18,27.637,27.645,27.487,27.577,20441,0
2016-10-19,27.358,27.687,27.358,27.557,26521,0
2016-10-20,27.697,27.759,27.478,27.637,41122,0
2016-10-21,27.627,27.738,27.477,27.697,27465,0
2016-10-24,27.797,27.926,27.707,27.727,41366,0
2016-10-25,27.737,27.737,27.497,27.551,27356,0
2016-10-26,27.567,27.767,27.547,27.677,32104,0
2016-10-27,27.827,27.827,27.527,27.547,37064,0
2016-10-28,27.807,27.807,27.447,27.487,56081,0
2016-10-31,27.502,27.577,27.438,27.547,16831,0
2016-11-01,27.547,27.647,27.148,27.272,28763,0
2016-11-02,27.118,27.16,26.909,26.998,30428,0
2016-11-03,26.859,27.168,26.859,26.889,12084,0
2016-11-04,26.928,27.048,26.869,26.879,31112,0
2016-11-07,27.298,27.442,27.248,27.398,45411,0
2016-11-08,27.428,27.506,27.208,27.368,35786,0
2016-11-09,26.998,27.582,26.998,27.527,47925,0
2016-11-10,27.747,28.046,27.527,27.757,58994,0
2016-11-11,27.757,28.036,27.657,28.036,38280,0
2016-11-14,28.086,28.127,27.857,28.046,38354,0
2016-11-15,28.136,28.246,27.951,28.196,37115,0
2016-11-16,28.076,28.186,27.986,28.016,37887,0
2016-11-17,28.196,28.246,28.156,28.246,27539,0
2016-11-18,28.366,28.366,28.146,28.246,39799,0
2016-11-21,28.306,28.335,28.156,28.306,38530,0
2016-11-22,28.306,28.376,28.196,28.366,46229,0
2016-11-23,28.376,28.446,28.216,28.446,40479,0
2016-11-25,28.466,28.466,28.355,28.355,31463,0
2016-11-28,28.476,28.491,28.356,28.386,71618,0
2016-11-29,28.276,28.476,28.248,28.366,41650,0
2016-11-30,28.276,28.376,28.226,28.316,29680,0
2016-12-01,28.436,28.436,28.056,28.138,29729,0
2016-12-02,27.996,28.116,27.996,28.099,25216,0
2016-12-05,28.096,28.435,28.096,28.326,55214,0
2016-12-06,28.495,28.595,28.329,28.565,36022,0
2016-12-07,28.675,28.835,28.47,28.795,80972,0
2016-12-08,28.795,29.124,28.795,29.104,35821,0
2016-12-09,29.214,29.214,29.03,29.084,75090,0
2016-12-12,29.114,29.114,28.777,28.855,46280,0
2016-12-13,28.805,29.204,28.805,29.074,81515,0
2016-12-14,28.915,29.134,28.655,28.735,93409,0
2016-12-15,28.885,28.934,28.705,28.87,59305,0
2016-12-16,29.034,29.034,28.625,28.625,56936,0
2016-12-19,28.675,28.797,28.601,28.685,36060,0
2016-12-20,28.79,28.9,28.73,28.74,104126,0
2016-12-21,28.76,28.8774,28.6501,28.7,112578,0
2016-12-22,28.69,28.738,28.551,28.6491,38282,0
2016-12-23,28.76,28.76,28.5708,28.6299,35732,0
2016-12-27,28.77,28.907,28.71,28.79,35189,0
2016-12-28,28.99,28.99,28.61,28.63,17252,0
2016-12-29,28.63,28.75,28.5639,28.65,63458,0
2016-12-30,28.65,28.8399,28.65,28.65,31841,0
2017-01-03,28.94,28.99,28.72,28.99,138565,0
2017-01-04,29.06,29.3077,29.06,29.276,222832,0
2017-01-05,29.37,29.46,29.23,29.26,52897,0
2017-01-06,29.35,29.4201,29.274,29.35,49349,0
2017-01-09,29.34,29.47,29.34,29.43,67566,0
2017-01-10,29.32,29.439,29.3174,29.3654,55713,0
2017-01-11,29.55,29.55,29.37,29.55,135014,0
2017-01-12,29.75,29.75,29.34,29.53,119951,0
2017-01-13,29.63,29.75,29.5,29.71,176810,0
2017-01-17,29.83,29.83,29.37,29.42,161305,0
2017-01-18,29.5,29.56,29.4,29.52,138219,0
2017-01-19,29.65,29.75,29.5,29.59,107624,0
2017-01-20,29.86,29.88,29.73,29.88,164564,0
2017-01-23,29.91,29.91,29.59,29.735,94420,0
2017-01-24,29.91,30.14,29.78,30.0996,130206,0
2017-01-25,30.45,30.73,30.4,30.73,193691,0
2017-01-26,30.8,30.8,30.5,30.53,259329,0
2017-01-27,30.61,30.61,30.36,30.48,65986,0
2017-01-30,30.56,30.56,30.111,30.33,70088,0
2017-01-31,30.37,30.5,30.19,30.44,93263,0
2017-02-01,30.75,30.8,30.52,30.79,122755,0
2017-02-02,30.78,30.78,30.6001,30.74,112568,0
2017-02-03,30.91,30.97,30.8,30.97,144109,0
2017-02-06,30.88,30.88,30.68,30.76,189930,0
2017-02-07,30.88,30.88,30.66,30.718,274462,0
2017-02-08,30.81,30.83,30.62,30.8,112972,0
2017-02-09,30.85,30.97,30.75,30.9208,150412,0
2017-02-10,31.03,31.11,31.0,31.09,151080,0
2017-02-13,31.33,31.33,31.19,31.27,174661,0
2017-02-14,31.35,31.416,31.2,31.41,299140,0
2017-02-15,31.35,31.5,31.32,31.5,124773,0
2017-02-16,31.77,31.77,31.35,31.46,170330,0
2017-02-17,31.49,31.605,31.4128,31.6,122431,0
2017-02-21,31.83,31.89,31.72,31.89,374882,0
2017-02-22,31.88,31.89,31.79,31.84,232086,0
2017-02-23,32.03,32.03,31.61,31.72,191197,0
2017-02-24,31.56,31.56,31.3481,31.532,216763,0
2017-02-27,31.62,31.66,31.44,31.6,140266,0
2017-02-28,31.72,31.72,31.331,31.37,157165,0
2017-03-01,31.71,31.97,31.69,31.95,189363,0
2017-03-02,31.9,31.9099,31.6,31.65,96004,0
2017-03-03,31.66,31.73,31.5356,31.7,155308,0
2017-03-06,31.72,31.72,31.45,31.54,632839,0
2017-03-07,31.57,31.58,31.45,31.48,325237,0
2017-03-08,31.61,31.68,31.495,31.54,347651,0
2017-03-09,31.5,31.55,31.325,31.42,199476,0
2017-03-10,31.83,31.85,31.5101,31.7,228654,0
2017-03-13,31.79,31.86,31.69,31.86,268288,0
2017-03-14,31.78,31.78,31.51,31.61,574539,0
2017-03-15,31.65,32.0399,31.58,32.01,249593,0
2017-03-16,32.14,32.181,31.98,32.03,321217,0
2017-03-17,32.18,32.25,32.07,32.23,213094,0
2017-03-20,32.34,32.49,32.16,32.23,357798,0
2017-03-21,32.41,32.4499,31.72,31.77,351933,0
2017-03-22,31.71,31.79,31.56,31.73,338438,0
2017-03-23,31.73,31.94,31.7001,31.86,158895,0
2017-03-24,31.89,32.08,31.83,31.9,227551,0
2017-03-27,31.73,31.9413,31.5518,31.93,113539,0
2017-03-28,31.98,32.19,31.87,32.13,248817,0
2017-03-29,32.15,32.1899,32.01,32.18,311728,0
2017-03-30,32.15,32.29,32.06,32.27,164224,0
2017-03-31,32.14,32.24,32.05,32.2,170956,0
2017-04-03,32.28,32.29,31.96,32.1,156910,0
2017-04-04,31.91,32.09,31.86,31.91,143056,0
2017-04-05,32.03,32.17,31.76,31.76,227644,0
2017-04-06,31.8,31.92,31.69,31.9,226814,0
2017-04-07,31.94,31.98,31.85,31.91,118513,0
2017-04-10,31.96,32.0465,31.81,31.92,202250,0
2017-04-11,31.73,31.8699,31.6,31.86,135348,0
2017-04-12,31.82,31.83,31.52,31.57,113226,0
2017-04-13,31.51,31.53,31.22,31.25,226493,0
2017-04-17,31.36,31.51,31.3,31.46,95842,0
2017-04-18,31.42,31.55,31.31,31.51,101454,0
2017-04-19,31.69,31.82,31.61,31.6981,128067,0
2017-04-20,31.89,32.09,31.875,32.06,228999,0
2017-04-21,32.05,32.05,31.91,31.98,157655,0
2017-04-24,32.42,32.5,32.37,32.48,227411,0
2017-04-25,32.71,32.94,32.7,32.88,259256,0
2017-04-26,32.99,33.16,32.9,33.09,324433,0
2017-04-27,33.15,33.2599,33.09,33.19,189038,0
2017-04-28,33.06,33.18,33.01,33.13,306343,0
2017-05-01,33.27,33.35,33.14,33.35,208129,0
2017-05-02,33.38,33.46,33.27,33.41,314861,0
2017-05-03,33.35,33.3999,33.15,33.35,129264,0
2017-05-04,33.42,33.42,33.2217,33.39,163659,0
2017-05-05,33.45,33.62,33.3501,33.61,209365,0
2017-05-08,33.67,33.67,33.5601,33.65,221251,0
2017-05-09,33.69,33.78,33.63,33.7196,305968,0
2017-05-10,33.85,33.99,33.6685,33.9295,168224,0
2017-05-11,33.94,34.0,33.73,33.95,281612,0
2017-05-12,34.02,34.07,33.92,34.02,240541,0
2017-05-15,34.03,34.36,34.03,34.33,336761,0
2017-05-16,34.33,34.49,34.26,34.49,473892,0
2017-05-17,34.37,34.37,33.82,33.85,324749,0
2017-05-18,33.74,34.0023,33.53,33.955,264668,0
2017-05-19,34.26,34.5,34.2,34.37,283269,0
2017-05-22,34.58,34.72,34.52,34.72,344218,0
2017-05-23,34.78,34.88,34.58,34.68,263880,0
2017-05-24,34.67,34.71,34.52,34.62,145179,0
2017-05-25,34.85,34.85,34.67,34.75,319445,0
2017-05-26,34.72,34.72,34.56,34.7,205252,0
2017-05-30,34.65,34.75,34.6,34.66,272443,0
2017-05-31,34.76,34.76,34.42,34.58,278824,0
2017-06-01,34.82,34.99,34.7,34.99,214522,0
2017-06-02,35.31,35.48,35.196,35.43,389446,0
2017-06-05,35.46,35.54,35.44,35.5,346637,0
2017-06-06,35.41,35.46,35.23,35.37,317468,0
2017-06-07,35.44,35.44,35.215,35.3471,338712,0
2017-06-08,35.22,35.47,35.18,35.465,329236,0
2017-06-09,35.5,35.51,34.82,35.0,538908,0
2017-06-12,34.79,34.79,34.32,34.63,386534,0
2017-06-13,34.78,34.89,34.66,34.84,386759,0
2017-06-14,35.0,35.0,34.6,34.74,341808,0
2017-06-15,34.22,34.42,34.16,34.39,488394,0
2017-06-16,34.47,34.58,34.39,34.56,189568,0
2017-06-19,34.81,35.02,34.78,35.0,540560,0
2017-06-20,35.13,35.13,34.78,34.81,452964,0
2017-06-21,34.9,34.925,34.75,34.81,212441,0
2017-06-22,34.83,34.9199,34.76,34.84,309452,0
2017-06-23,34.87,34.95,34.79,34.88,207623,0
2017-06-26,35.04,35.12,34.766,34.8,297752,0
2017-06-27,34.83,34.88,34.5078,34.51,240159,0
2017-06-28,34.35,34.74,34.34,34.69,200563,0
2017-06-29,34.66,34.66,34.0104,34.25,271147,0
2017-06-30,34.28,34.3899,34.21,34.28,232472,0
2017-07-03,34.34,34.35,34.11,34.11,247816,0
2017-07-05,34.11,34.17,33.95,34.15,443959,0
2017-07-06,34.08,34.08,33.79,33.82,201076,0
2017-07-07,33.88,34.18,33.85,34.15,302765,0
2017-07-10,34.18,34.42,34.16,34.37,454013,0
2017-07-11,34.47,34.61,34.37,34.61,462809,0
2017-07-12,34.91,35.0574,34.89,35.01,341385,0
2017-07-13,35.09,35.09,34.881,35.01,454943,0
2017-07-14,35.12,35.42,35.12,35.36,286062,0
2017-07-17,35.37,35.37,35.25,35.29,172875,0
2017-07-18,35.3,35.415,35.254,35.325,314526,0
2017-07-19,35.4,35.7,35.4,35.7,395114,0
2017-07-20,35.8,35.8,35.57,35.69,511509,0
2017-07-21,35.81,35.81,35.6599,35.78,337295,0
2017-07-24,35.82,35.95,35.7386,35.925,266629,0
2017-07-25,35.97,36.0457,35.93,35.98,487628,0
2017-07-26,36.14,36.14,36.0075,36.08,339952,0
2017-07-27,36.31,36.33,35.92,36.22,585622,0
2017-07-28,36.1,36.18,36.02,36.18,205456,0
2017-07-31,36.2,36.33,36.05,36.28,5493332,0
2017-08-01,36.52,36.59,36.42,36.45,388993,0
2017-08-02,36.66,36.67,36.3,36.44,315421,0
2017-08-03,36.27,36.27,36.05,36.085,278903,0
2017-08-04,36.1,36.18,36.0,36.09,236089,0
2017-08-07,36.3,36.39,36.165,36.35,170550,0
2017-08-08,36.34,36.44,36.18,36.23,230450,0
2017-08-09,36.09,36.1,35.9501,36.1,464257,0
2017-08-10,35.94,35.96,35.38,35.4,550270,0
2017-08-11,35.4,35.61,35.38,35.51,320495,0
2017-08-14,35.7,35.904,35.7,35.88,196419,0
2017-08-15,35.92,35.97,35.83,35.86,232526,0
2017-08-16,36.04,36.0699,35.95,35.9935,346587,0
2017-08-17,36.11,36.1513,35.72,35.73,345203,0
2017-08-18,35.7,35.81,35.53,35.68,244455,0
2017-08-21,35.76,35.76,35.5,35.58,229687,0
2017-08-22,35.8,36.137,35.75,36.08,368830,0
2017-08-23,36.07,36.14,36.02,36.12,247620,0
2017-08-24,36.15,36.2,35.96,36.0,232238,0
2017-08-25,36.08,36.2,36.05,36.1,175642,0
2017-08-28,36.28,36.28,36.1,36.2,275520,0
2017-08-29,36.13,36.27,36.0,36.24,261502,0
2017-08-30,36.31,36.52,36.28,36.5,419730,0
2017-08-31,36.64,36.85,36.5798,36.84,332810,0
2017-09-01,36.98,37.0,36.8746,36.92,342081,0
2017-09-05,36.78,36.82,36.45,36.64,875505,0
2017-09-06,36.86,36.94,36.773,36.87,336751,0
2017-09-07,37.15,37.1864,37.0,37.18,300542,0
2017-09-08,37.26,37.3,37.12,37.165,307810,0
2017-09-11,37.51,37.7902,37.5,37.77,494564,0
2017-09-12,38.0,38.0362,37.88,38.01,456284,0
2017-09-13,38.06,38.07,37.97,38.0,573778,0
2017-09-14,37.87,38.09,37.87,38.07,844544,0
2017-09-15,38.16,38.25,38.1,38.22,379632,0
2017-09-18,38.4,38.57,38.31,38.57,722392,0
2017-09-19,38.69,38.75,38.57,38.7,536316,0
2017-09-20,38.79,38.79,38.5101,38.7,583367,0
2017-09-21,38.44,38.55,38.31,38.41,510003,0
2017-09-22,38.39,38.47,38.34,38.44,343408,0
2017-09-25,38.44,38.44,38.0644,38.23,419261,0
2017-09-26,38.07,38.15,37.975,38.04,408470,0
2017-09-27,38.16,38.37,38.1,38.32,610515,0
2017-09-28,38.42,38.51,38.33,38.46,382002,0
2017-09-29,38.57,38.6899,38.4901,38.68,581665,0
2017-10-02,38.81,38.92,38.7287,38.92,618882,0
2017-10-03,38.92,39.08,38.92,39.08,419157,0
2017-10-04,39.04,39.1399,38.99,39.08,365432,0
2017-10-05,39.12,39.12,38.99,39.03,413768,0
2017-10-06,38.84,38.98,38.73,38.95,473295,0
2017-10-09,39.09,39.09,38.98,39.03,238064,0
2017-10-10,39.29,39.33,39.1801,39.24,399972,0
2017-10-11,39.3,39.43,39.25,39.41,469852,0
2017-10-12,39.43,39.56,39.43,39.47,585328,0
2017-10-13,39.77,39.82,39.71,39.77,516386,0
2017-10-16,39.855,39.86,39.71,39.76,481851,0
2017-10-17,39.76,39.76,39.62,39.73,467748,0
2017-10-18,39.68,39.75,39.58,39.74,484154,0
2017-10-19,39.53,39.54,39.23,39.5,436391,0
2017-10-20,39.65,39.74,39.5,39.7,350846,0
2017-10-23,39.9,39.9,39.72,39.77,536343,0
2017-10-24,39.79,39.96,39.77,39.83,672041,0
2017-10-25,39.84,39.84,39.37,39.62,738737,0
2017-10-26,39.66,39.725,39.57,39.69,370998,0
2017-10-27,39.82,40.15,39.8,40.14,585419,0
2017-10-30,40.18,40.2,39.98,40.1,470109,0
2017-10-31,40.43,40.7299,40.43,40.67,864338,0
2017-11-01,40.65,40.85,40.39,40.49,735623,0
2017-11-02,40.49,40.5299,40.31,40.51,452136,0
2017-11-03,40.51,40.72,40.44,40.71,454709,0
2017-11-06,40.76,40.98,40.7,40.98,470018,0
2017-11-07,41.15,41.18,40.845,40.96,684300,0
2017-11-08,41.12,41.14,40.95,41.08,537047,0
2017-11-09,40.77,40.84,40.28,40.62,2009608,0
2017-11-10,40.51,40.7,40.5,40.64,583568,0
